name,date,phone,address,franchise,email
Joshua,2019-12-29,(+86) 309 432 09 00,632 8th Terrace,5610885065969110,jmatuszynski0@linkedin.com
Hewett,2019-08-02,(120) 3403993,6556 Park Meadow Court,630427746658159931,hesby1@scientificamerican.com
Vaclav,2020-05-05,(+37) 300-745-21-45,59 Doe Crossing Parkway,3536243220505310,vgerbi2@ocn.ne.jp
Nissy,2019-11-22,(+48) 627 372 45 44,34388 Cherokee Parkway,6763613192276297,ncarlozzi3@phpbb.com
Lorine,2019-11-18,(+23) 607-774-22-11,6 Jenifer Pass,5602218234162294,lkirkman4@last.fm
Kimmie,2020-04-16,(+72) 156-011-21-99,61 Mosinee Terrace,3574116749417352,kenocksson5@twitpic.com
Zach,2020-05-29,(+24) 670 178 15 77,83760 Carioca Road,3581584998604551,zmoreman6@github.io
Marion,2020-01-03,(154) 7349717,69 Grim Park,3586732876991500,mborlease7@drupal.org
Cornall,2019-12-16,(986) 2516779,50 Hayes Drive,4405652193360899,kenocksson5@twitpic.com
Byrom,2020-04-26,(+73) 208 285 67 55,74 Algoma Alley,675998584452252659,bgerrill9$istockphoto.com
